32.4489370497048,16.9094397147244,5.9401341374907,0.721307054702204,6.03431364813861,0.396405359230845,1.86417114705132,0.000512252705666434,4.18065342247626,17.9769755940121,20.4130765309756,5.41687924164368,11.9353865439102,17977.9925722258
32.3899321989463,13.9493238976162,5.97964024611439,0.72761917904126,6.07814584591975,0.39948225384979,1.8708763265222,0.000581811335641694,4.69310642737457,17.3781943616163,20.5330626142267,5.34119207918807,12.016166855148,18160.4508979557
32.3222148090843,11.3620560503357,6.01994588082642,0.733415756632872,6.12266064596387,0.402647953334389,1.86925935907246,0.000657337580746001,5.19394867729362,16.7202657854479,20.6840159125379,5.26399738620363,12.0928666740695,18326.0771009768
32.2449237226855,9.13519728410666,6.06180425515957,0.738799604042696,6.16863122861528,0.405947160715729,1.86008292165192,0.00074196797024781,5.67758002249175,16.0124819905367,20.863466817479,5.18629681107622,12.167325799598,18592.7954262451
32.1567267837638,7.23776197729579,6.1132388029723,0.744980368237232,6.22419304209833,0.409921240779707,1.84537787834319,0.000842328375238302,6.14246013934288,15.2595426382254,21.0698152172187,5.1084860595097,12.2555407755633,19082.3631649188
32.0562865111306,5.64221259841281,6.1809218805728,0.753019361078597,6.29612902030597,0.41502562984576,1.82677344170934,0.000965318653154608,6.58677705561065,14.4670914203779,21.3013256369102,5.03100057584135,12.3708403063069,19634.5775896189
31.9429277613957,4.32811589070002,6.26530331761485,0.76310336322353,6.38494223716672,0.421295369169165,1.80497240762454,0.00111026336825834,7.00631300422421,13.6469480209808,21.554640681409,4.95472655350572,12.5146098175833,20178.5397603061
31.8165292029213,3.27139124882557,6.36123280655271,0.774616530042705,6.48547150921078,0.428382189213326,1.78003029567368,0.00127206114903608,7.39684615091821,12.814891039866,21.8253041719399,4.88064558073312,12.6775707097664,20691.512055211
31.6774783730935,2.44286639852356,6.46276226072965,0.786832092440293,6.59174775385156,0.435879343382757,1.7523660775407,0.00144485465717181,7.75505611682126,11.9893773641754,22.1083047416336,4.80967134957563,12.8491969283576,21159.0285533308
31.5265953767834,1.80980815097724,6.56487689373537,0.799170161460768,6.69873479209686,0.443440141348861,1.7229488366686,0.00161983885340814,8.07881675699941,11.1902649874369,22.3986257219289,4.74256530101274,13.0210014791648,21588.7351984501
31.365019912105,1.338381872407,6.66386332082437,0.811242785914194,6.80269437525043,0.45080406428316,1.69317409331284,0.00178889017523849,8.36717969896974,10.4373686616752,22.6916475200364,4.67990221420971,13.1871260831708,21981.2215200284
31.194513836647,0.996627644851204,6.75488421793318,0.822499873934624,6.89871776838464,0.457631838644615,1.66420180477919,0.00194357151496104,8.61961619958892,9.75050940734348,22.9826522835009,4.62220627947212,13.339476100229,22239.5940455424
31.0177641519162,0.755698576373692,6.82836077192841,0.83168408861573,6.97703790765961,0.463257027772573,1.63592823381941,0.00207257393416489,8.83586435603615,9.14799270773802,23.2664157002888,4.56999600953661,13.460419372895,22275.6937838403
30.8373636568744,0.589723185166852,6.87746866723889,0.837849780974477,7.03066303110138,0.467199573964726,1.60814458585445,0.00217233956684492,9.01737351113107,8.64061379560725,23.5388151370001,4.52344817031277,13.5372412996764,22228.2389514153
30.6550642039238,0.477164396092268,6.9044406371175,0.841301282477431,7.06182016455561,0.469602864842089,1.58174452139038,0.00224528472288178,9.16725659616176,8.23020831283419,23.7976192152782,4.4823373825407,13.5745267601904,22147.9130138437
30.4710923182514,0.401394039689266,6.92215944307144,0.843853473159363,7.08361294034483,0.471346996334215,1.55922744450799,0.00230093630933186,9.2897830315986,7.91103345061942,24.0429655743407,4.44607048167795,13.5974545448338,22322.842239113
30.283267331803,0.35032626927811,6.95781396944631,0.849428532684304,7.12378731872258,0.474304163014707,1.54578255263578,0.00235972651614058,9.38984169927078,7.67267263464513,24.2778815237032,4.41372462431612,13.6592757829392,23020.4820737066
30.0901031621575,0.316126482735336,7.03179487437622,0.861140599509005,7.20318636585435,0.479888214137653,1.54517792233829,0.00243611024217063,9.47058968430509,7.50675938540794,24.5042189941443,4.38469967500584,13.800021118125,23830.814749082
29.8928923862998,0.293719921805203,7.14604846819389,0.879500243415552,7.32381243170729,0.488243600072948,1.55730452128431,0.0025106211447612,9.53352046913176,7.40547504186814,24.7211807939108,4.35883111587807,14.0234091010824,24607.6610888779
29.6958882918874,0.27957776468997,7.27176765714518,0.900408707360567,7.45618980068337,0.497386535756485,1.57533475734162,0.00255247636665596,9.57955196047192,7.35769061064975,24.9263398825037,4.33616735494381,14.2721930597285,24912.4826759066
29.5066973441486,0.271107889372597,7.3494201989443,0.914965124594075,7.53935546287525,0.503200852480716,1.58562959744263,0.00256320389654624,9.60964368034202,7.34808888138662,25.1156185602116,4.31689369891486,14.4279717167686,24401.9171709845
29.3311851766589,0.266242176882273,7.34887935458154,0.918266031487456,7.54241859382228,0.503592074560913,1.58085925048641,0.00256697465785518,9.62598426846934,7.35939234927179,25.287216420362,4.3008512875539,14.4302272863491,23706.3277826514
29.1710110186273,0.263501697798105,7.28916532208483,0.912714817643079,7.48483374407072,0.499866449492872,1.56452860513861,0.00257256041923687,9.63137542821855,7.37698784952736,25.442346094831,4.28755180254145,14.315920419243,23025.1369929619
29.0259623674642,0.261983740414445,7.1968268042019,0.902045050309017,7.39380481987296,0.493860832122274,1.54197012705231,0.00257915502137262,9.62830976400369,7.39003315876807,25.5824781332177,4.27652069368135,14.1372438499916,22424.1199611867
28.8947391412445,0.261161458555748,7.09330144803634,0.889345506937306,7.29132122239415,0.487064028906398,1.51754153106722,0.00259151761682248,9.61896349180693,7.3905479533847,25.7088072204212,4.26734127747527,13.9364537194316,21942.3039759642
28.7756631065227,0.260725337936546,6.99112070886934,0.876432183330984,7.19024377601725,0.480350067526473,1.49374493434096,0.00261481687069285,9.60532242713004,7.3724791310977,25.8220854684213,4.25965576813557,13.7382409096706,21500.1743486918
28.6670845635322,0.260485882770313,6.8944448264031,0.863880365559941,7.09483491081789,0.474011820700386,1.47130366818397,0.00264946868742539,9.58928202147456,7.33130234480321,25.9228336910216,4.25314238382342,13.5507131385315,21070.0381922608
28.5677131860994,0.260320452730038,6.80002944882135,0.851161292148928,7.00173757284247,0.467826050447081,1.44935708224968,0.00269020686010915,9.5726532994848,7.26419030238482,26.01159840189,4.24750300532398,13.3672844005833,20507.2692917369
28.4769751421271,0.260145248163372,6.69728212356766,0.83664575056542,6.9000231323262,0.461055579843682,1.42546829349393,0.00272569334460677,9.55707841085495,7.17075146005035,26.0890662120223,4.24247508330091,13.1667703779957,19687.2906968214
28.3942994306147,0.259900878557747,6.58047753727341,0.819401057690854,6.78375686920772,0.45329674280989,1.39830184861889,0.00274897561404243,9.54379884660128,7.05263359863834,26.1567185049664,4.23780290044311,12.9376414008855,18832.7867915974
28.3188271689784,0.259543985456718,6.45407128694082,0.800038362334012,6.6574887903915,0.444853333032682,1.3687914276838,0.00276626896926498,9.53357932143128,6.91196094925478,26.2167401627204,4.2332397251606,12.6886502599771,18030.7075254255
28.2498293401691,0.259040480338323,6.32615051804928,0.779766869251005,6.52952975008574,0.436284995676603,1.33869241921158,0.00279345135272988,9.52684053288194,6.75059342669064,26.2713759813256,4.22857678234011,12.4358491636187,17345.788062784
28.1867302953451,0.258358988049513,6.20551932207431,0.759937799707094,6.40895240766103,0.428204862904296,1.30992428230788,0.00285456868120724,9.52379570550274,6.56948544581196,26.3227417887297,4.22363612562933,12.196770289232,16831.6040919924
28.1293056357479,0.2574647070879,6.09759516960553,0.74142721691006,6.30135464353081,0.420992911661401,1.28366629489401,0.00298170936496647,9.52452729545106,6.36904517265616,26.3726493471884,4.21827875893543,11.9822499388862,16411.2145422968
28.0777330781042,0.256313827893665,6.00314237249655,0.72442913716255,6.20754043416343,0.414705248097229,1.26007980890298,0.00321994365677267,9.52894725461164,6.14988779892078,26.4225547977297,4.2124196416723,11.7938813815293,16049.4785134734
28.0323260070496,0.254845705555879,5.92138684986705,0.708892701099487,6.12672519252949,0.409289631426907,1.23898203198395,0.00364370238321061,9.53674042178337,5.91265825141269,26.4737098119494,4.20602140109526,11.6301785594377,15755.6989531062
27.9933912065363,0.25297368417237,5.85189301858429,0.694793775429392,6.05847257126795,0.404716766008069,1.22024870552501,0.00438293894468243,9.54731404808784,5.65783145135745,26.5272540212812,4.19909286388179,11.4903003518737,15545.7957396553
27.9612423874887,0.250580446351709,5.79409448049058,0.682074924846293,6.00221028338166,0.400948817712971,1.20371229586621,0.00565510679962073,9.55970117134895,5.38614032556689,26.5841781121969,4.19170793930789,11.3731258813099,15390.3484702947
27.9361739363332,0.247523742041444,5.74677286655467,0.670573794869064,5.95669043960856,0.39790415531743,1.18905272347578,0.00779812372850808,9.57246165751658,5.09907716758628,26.6452616421872,4.18402595211232,11.2762241877854,15273.3289207751
27.9183484613962,0.243649110935725,5.70937133494392,0.660207008708434,5.9213479821708,0.395550026300076,1.17607791075142,0.0113115736643588,9.58368645945977,4.79846550453706,26.7111641089395,4.17628111103778,11.1984585748925,15227.29437024
27.9077820741679,0.238806119101647,5.68311270702446,0.65112612358402,5.89746030235616,0.393981021711788,1.16495647397951,0.016920780711344,9.59102615983579,4.485816442719,26.7825745162807,4.16876494059005,11.1422019586583,15294.0684969973
27.9044287059408,0.232884739499534,5.66900899675835,0.643449297444917,5.88608680128028,0.393278710187569,1.15580218159439,0.0256268741889213,9.59162764495045,4.16317336992985,26.8600744651423,4.16184954078202,11.1094021539956,15414.7764382373
27.9081544066303,0.225865084574136,5.66623033701716,0.637043129050501,5.8863760083923,0.393394774347927,1.14834997671026,0.0386990765069593,9.58218530146027,3.83394765810976,26.9439340603087,4.1559972983887,11.0983632154285,15558.1027382981
27.9185797901074,0.217896128392881,5.66786003105765,0.630978685026553,5.89115540568095,0.39385000597293,1.14112561575934,0.0573972239236138,9.55936921228302,3.50493826885335,27.0334667845418,4.15175069289514,11.0953931590609,15464.7238443039
27.9347005466501,0.209375552653777,5.656451937063,0.622989831975796,5.88230589207118,0.393418950611737,1.13062356188001,0.0820962356939232,9.52120540511227,3.1884425046496,27.1260072454786,4.14961044655232,11.0661024729589,14852.1462794592
27.9550457038755,0.200774071219798,5.61851289349918,0.611377053488852,5.84578578217662,0.391145126234765,1.11427259109059,0.112198071547413,9.46789848021833,2.89460322841042,27.2184995869865,4.14977765038772,10.9839849406365,14085.8762049567
27.9783768653757,0.192421233399932,5.55529532049472,0.596371225853302,5.78285497482903,0.387101682722785,1.09252343489331,0.147075222592923,9.4006627067451,2.62631691156039,27.309277937812,4.1521848786743,10.8516304004577,13335.2083351093
28.003804414728,0.184516399497413,5.47444824197439,0.579018563498654,5.70142622165148,0.381809625061191,1.06709160224594,0.186201824223344,9.32101631188256,2.38324371728273,27.3974244993306,4.1566608523195,10.6842206647232,12639.6734564771
28.0307088751829,0.177159838535696,5.38425878235811,0.560426385448958,5.61009034046451,0.37583663349591,1.03977421637513,0.22910370638455,9.23051823885203,2.16386881715088,27.4823745653325,4.16300356473767,10.4981663127457,12011.983942246
28.0586411033677,0.17038412547322,5.2910512984033,0.541434629555706,5.51541188755544,0.369615963083143,1.01193110003004,0.275276374936046,9.13071537823108,1.96638571239601,27.5637232922922,4.1710039776681,10.3059878026069,11429.3203690112
28.0872385226882,0.16418040495522,5.19862585330678,0.522554366936683,5.42134079288338,0.363407363355226,0.984385760099347,0.324108536934471,9.02318994256798,1.78906842296835,27.6411298608593,4.1804467236844,10.1152212284764,10879.7611161621
28.1162987925535,0.158503659152781,5.11009396271848,0.504191453715612,5.33111800451364,0.357424634138193,0.957788703808966,0.375201523492744,8.90909514147953,1.62971877240421,27.7145975335847,4.19115486399768,9.93202043531843,10427.3948716709
28.1459323610814,0.153277000741831,5.02968144857656,0.48685309414517,5.24914898170058,0.3519592228128,0.932963843856984,0.428915141421644,8.7883267012147,1.48518563348281,27.7847984662871,4.20308361825035,9.76467877253184,10165.0440661314
28.1763547572455,0.148427673646141,4.96033077292115,0.470875714734481,5.17850544545213,0.34721202892221,0.910464460622341,0.48586804213051,8.66019118745819,1.35274447838976,27.8524958381674,4.21626884141888,9.61894795437494,9998.01999425264
28.2076125744842,0.143908054888042,4.90198580626771,0.456246437731856,5.11913746233362,0.343175550746922,0.890270140002902,0.546159970540253,8.52458919961704,1.23101611114458,27.9179996292195,4.23069862575251,9.49471177649787,9864.85143443775
28.2400567780379,0.139660773087772,4.85663012709668,0.44316000414226,5.07311810405557,0.339981533939965,0.872732093371891,0.610753879501041,8.37997426346476,1.11791537044687,27.9821988291199,4.24652621351307,9.39580921264134,9992.45515079828
28.2751585119006,0.135590197327677,4.83433794663703,0.432635830789542,5.05094283970686,0.338310475409908,0.85968333743315,0.683930646127066,8.21937525335404,1.008778813954,28.0478972963575,4.26453830572618,9.34177108896319,10768.0185768779
28.3147087725681,0.131625156843563,4.84656166475041,0.425772343036004,5.06453825044784,0.338926297045729,0.853207551189589,0.770886291791037,8.03368548935781,0.900064208435268,28.1180130297949,4.28582373735012,9.35474165653329,11873.6647241875
28.3596361966545,0.127759697971339,4.89901368730295,0.423012557020722,5.11985437167714,0.342196919917846,0.854347582808843,0.874028616484712,7.81740636055423,0.792132598155111,28.1936930458546,4.31109688639345,9.44567873115476,13067.8366316563
28.4105457406399,0.124006533975,4.99575411652379,0.424584198184778,5.221128155338,0.348381256895457,0.863841286993449,0.994411087381536,7.56660684933729,0.686609707495257,28.2756590288682,4.34088938446951,9.62230790996991,14410.7819447762
28.4684359684606,0.120368105355985,5.14494088715944,0.431059544267783,5.37687974438065,0.358024342937173,0.883147464838176,1.13372292032913,7.27578461637438,0.584610897512534,28.365471150518,4.37590683359549,9.90025291889465,16073.1373453996
28.5342549892659,0.116851566789061,5.35546364838692,0.443008123976662,5.59641714265257,0.371734442545827,0.913806367206377,1.29270167342843,6.94066835040215,0.487728431914157,28.464712289467,4.41668980698656,10.2965028564551,17886.8546388127
28.6082645732011,0.113478677125842,5.62964420453964,0.460335999952163,5.88224208624525,0.389694452436831,0.956096791493989,1.46902444267642,6.56263672485271,0.39844224507379,28.5737128572888,4.46306629668773,10.8153237514094,10525.1636033004
28.6900461620448,0.1102817287869,5.9631379935756,0.482365639360832,6.22995681941087,0.411659827729185,1.00906387120647,1.65620478111939,6.15005034151838,0.319205570127593,28.6907793214427,4.51399424695033,11.4481750630778,21724.2791238606
28.780187385345,0.107335664484571,6.3776085057638,0.510869731531392,6.662429296838,0.439189932873094,1.07686783033436,1.83746992527551,5.70974883121474,0.251407339101888,28.8140561612026,4.56862200175736,12.2372274452975,23891.4877059828
28.8774650694472,0.105288731397868,6.85380203320032,0.544172916553041,7.16003678854053,0.471071847041918,1.1578694204327,1.96465442136818,5.25250667715018,0.202827488234062,28.9415291716613,4.62546935359477,13.1469487333998,26046.4277723343
28.9793971645326,0.111227316070076,7.35764827119395,0.579590779006836,7.68750027072954,0.505148409988731,1.25083497460635,1.97522545510127,4.77380852588543,0.198405372710536,29.0758907709594,4.68484411266048,14.115163910525,28066.6985868826
29.0808213154933,0.163722485354515,7.83623419327092,0.613165495637091,8.18938983366172,0.538027639763713,1.35888500982425,1.82473755161055,4.26142218514523,0.289809678387532,29.211148176357,4.74877177940299,15.0478775085104,29438.1900318324
29.173866660065,0.373359450875998,8.20973987841996,0.639114235010147,8.58192192547976,0.56425652154383,1.48944079640005,1.5225609633003,3.71756291621483,0.542659596067094,29.3173016232527,4.81892279608829,15.8046108064326,29785.1648867263
29.251651860311,0.939193520561856,8.43169011074392,0.654771342192635,8.81623976185511,0.580292351537937,1.64688312569006,1.13499925285003,3.16034744610949,1.00715306265199,29.3507857938042,4.89557221383608,16.3037333190627,29739.0712917616
29.3104918874667,2.12063125146319,8.5246759890736,0.663191837842345,8.9155101387364,0.587165870000323,1.81314100455897,0.74773369932726,2.61285613308914,1.70366322884053,29.2745835704261,4.97766481943848,16.5755308957957,29496.4777095276
29.3494023737858,4.15095706585972,8.52817556982001,0.668309025950419,8.92009763105375,0.587253613507061,1.94809881879347,0.43055106818377,2.0994575594002,2.62045835570224,29.068309918295,5.06274067204356,16.6671643739843,29060.3549159062
29.3698243387323,7.12890360647193,8.47228906279819,0.672505522903524,8.86055303894889,0.582620811877716,2.02179017412405,0.214719035030898,1.64097222864028,3.72020204631323,28.7304194179191,5.14770118981576,16.6145270371277,28440.8567600867
29.3750090547457,10.989052729481,8.37818050115286,0.676814037040382,8.75863880402397,0.57496624386168,2.03137890660556,0.092708532802767,1.25041582101579,4.95288104229014,28.2741856019673,5.22980328907216,16.4537902690893,27740.2883367177
29.3690322502068,15.5539363580191,8.26217829168075,0.681656602555743,8.63174675073828,0.56571069555322,1.99380514924342,0.0355142151263816,0.932007324701762,6.26751848752797,27.721146902046,5.30719732935867,16.2246975504915,27013.1037831255
29.3560429357595,20.5791343897013,8.12733479301203,0.686205124336304,8.4838590287566,0.555264025901703,1.92995234590351,0.0127281856689791,0.683408225294663,7.61183311998492,27.0993410640143,5.37865109920171,15.9454165818608,26055.763743741
29.3399263430658,25.7842458329476,7.9614297115691,0.687991167954427,8.30310916226265,0.54286449334961,1.85281847243477,0.00449982484346657,0.497154144326917,8.93004766030153,26.4435674529576,5.44326165111216,15.6013029700346,24723.4961517093
29.3238133505762,30.9445179642943,7.76320052019852,0.685623655016344,8.0888290700517,0.528426988851945,1.76959912881266,0.001619454147256,0.361338224057269,10.180611781597,25.7844965518426,5.50096545820394,15.1940021298231,23385.8697305868
29.3097560632313,35.9579814511295,7.55205023284502,0.680282535140165,7.86153570126743,0.513246831533155,1.68657560379137,0.000599966672304823,0.262991848365027,11.3495144083092,25.1380909428309,5.55268635321815,14.762453080283,22157.2729521319
29.2991645836719,40.7098898839902,7.32715655616334,0.670978375540212,7.62074631950928,0.497268998879987,1.60723344700668,0.000238499566513536,0.192577901462394,12.4212581633664,24.5202427777572,5.59888064065589,14.3069021446737,21058.9023324741
29.2926828697476,45.08641851424,7.10707028097508,0.659841070734748,7.38590772571444,0.481764968324923,1.54213950505552,0.000118297939936207,0.142824544982194,13.4008394709267,23.9357440064294,5.64049215580114,13.8679414150969,20096.4211935831
29.2906208612895,48.8200016671178,6.89673384140623,0.647873689257631,7.16235757010891,0.467084998709497,1.49663854167829,9.78429371605315e-05,0.110615707922491,14.2918582002464,23.3917427325011,5.67799893396163,13.4583803151127,19246.7534404931
29.2930405160539,51.6065523044516,6.70101085850596,0.635987214966853,6.95528983203983,0.453552640826471,1.46956938542446,0.000114706146304904,0.0969850831138577,15.0964821173736,22.8952133075149,5.71134967908751,13.0868429293086,18496.2336937137
29.2998883866095,53.2488233560496,6.5263969629147,0.625279182351038,6.77148030071883,0.441572707700657,1.46011128782492,0.000139708958849573,0.106701229996516,15.8166168387237,22.4489648815796,5.7400246053012,12.765026603993,18006.3833298388
29.3112390684553,53.6762887160596,6.38487995651036,0.617548596685691,6.62333745339693,0.431912810481367,1.47069172517959,0.000173325587521947,0.147773626107081,16.4562614321694,22.0494901515818,5.76323686651801,12.51664647065,17947.1017473097
29.3273626790565,52.8880196630442,6.28314383910527,0.614013665086697,6.51775970724003,0.42499403873042,1.50270767527048,0.000217794222202501,0.231234264931073,17.012546261408,21.6930574636619,5.77963359891875,12.3550877126878,18058.7318596899
29.3485319166356,50.9596902269589,6.21747840369618,0.614523945498465,6.45082408194401,0.42055061902063,1.55311724181772,0.000263574937966762,0.368953465650764,17.4732898327554,21.3785475476566,5.78738767631552,12.2718401268044,18227.8957731922
29.3748388097608,48.0675144501164,6.17629374335365,0.617744122055648,6.41033880137023,0.417795219337024,1.61444528362311,0.000302136573812892,0.569770942274414,17.8233164928021,21.1061400681124,5.7848117237105,12.240984623043,18232.2884322034
29.4058922638674,44.4968801440884,6.13916600569132,0.620972330930538,6.37486852001525,0.415344880834992,1.67590064625916,0.000329531432448176,0.833924563859917,18.0505944277015,20.877478775375,5.77114042090009,12.2180631678122,17861.3101615393
29.4411546076407,40.5507457939604,6.09274803753588,0.622250074718022,6.33029524663723,0.412292957009002,1.72964408295131,0.000346838246432829,1.15447576063858,18.1550416328166,20.6915673483753,5.74682361384859,12.1733045493013,17488.1056554053
29.480642657012,36.4305018966297,6.04300611798208,0.622198383250908,6.28255722793242,0.40904322022103,1.77468937659264,0.000361476691648024,1.52580529035369,18.1442694245071,20.5440361814353,5.71259090883225,12.1167960585897,17387.8641392845
29.5251482129643,32.2278450875557,6.0092292643913,0.623380322615307,6.2514423894726,0.406910248016047,1.81450875473591,0.000384621971447514,1.94810068608345,18.0226847354765,20.4306790479069,5.66854528785524,12.0860991714896,17791.6403327025
29.5761177915697,27.9792252879932,6.01467351303429,0.629079202718056,6.26086358789234,0.407487871339071,1.8535544308708,0.000428468904157097,2.42640566616535,17.7858512081684,20.3502393782031,5.61397523577923,12.1268614834469,18686.2093566421
29.6346108987112,23.7732620077754,6.06860253378444,0.640832041210112,6.32023334841463,0.411422666457383,1.89245396761785,0.000501444016571559,2.95949728636741,17.4259998225796,20.3061283578473,5.54861612434243,12.2566582699984,19585.7514644755
29.7006288409534,19.7632017366477,6.16129784368808,0.657557865592363,6.41933500472313,0.418062125186462,1.92771322168313,0.000600824348559021,3.53389728463179,16.942929997491,20.3034897828504,5.47371368459045,12.4554614569288,20307.6926581165
29.7738917544571,16.0757094829881,6.27715836597955,0.677174797644045,6.54194135966802,0.426341152378877,1.95556370516573,0.000722819462032896,4.13280263182626,16.3433064646341,20.3456069757595,5.39118585134765,12.6921062348373,21011.130565664
29.8550161385971,12.7609473391593,6.4173833542864,0.699720352932538,6.6892863771298,0.43634008827976,1.97641000853416,0.000873111230183963,4.74622900504757,15.6303816492884,20.4343757828061,5.30221599420113,12.9689515758617,22099.9117764297
29.9454652009825,9.83417860828071,6.59779814165713,0.727237018921404,6.87775955872278,0.449147178044335,1.99334450358712,0.0010710297799653,5.36817286695469,14.8025977550029,20.5719864606224,5.20744824286053,13.3170620787438,23551.7829304887
30.0466368638879,7.31730735717893,6.83508348789733,0.761944706408006,7.12464004462677,0.465917244092033,2.00933646414157,0.00134283845882397,5.98879485208078,13.8623745741527,20.7597832863255,5.10811663545778,13.7690674461161,25323.5986512574
30.1598717986941,5.22373232969502,7.14949728944989,0.806543039925174,7.45093569464945,0.48805680060957,2.02831918129329,0.0017097615775756,6.59603711731546,12.8164713553999,20.9969919108217,5.00592724643144,14.3648180876472,27557.3074601438
30.2856000520551,3.55863213062639,7.54901256910665,0.862103566535461,7.86497892590021,0.516127376879709,2.05265789429127,0.00221518274762565,7.17365860579592,11.6823421507195,21.2781407028802,4.90352690641419,15.1205590933619,30060.2873659619
30.4209994019582,2.31863285364797,8.03525615295404,0.92903002781481,8.3685899452333,0.550247968827252,2.08591186896592,0.0028156549771372,7.69669719899311,10.5047833415113,21.5875633033144,4.80558748254052,16.0417003317409,32266.7207959753
30.5595587308148,1.46527428867694,8.55482656927082,1.00063046215177,8.90658269183977,0.586719827333273,2.12250628617355,0.00331165851114611,8.13933837778785,9.35110993121339,21.9000269212864,4.71770284096223,17.0265642794832,34020.0258324047
30.692457867482,0.923298395273436,8.98858240241774,1.06146192368895,9.35562722867011,0.617278366239075,2.14447417143064,0.003759521723106,8.48503924813488,8.29106526446344,22.1871857095235,4.64446124471738,17.8444080718753,35233.9551048838
30.80992945873,0.603375119381918,9.28446199817624,1.10507007133159,9.66181858671003,0.638293268225005,2.14734894313322,0.00440248378140181,8.73022989549052,7.3809881424988,22.4231868307159,4.58844179326409,18.3966270889843,36041.11778239
30.9024905083683,0.425053459571758,9.48262578233074,1.13741975680995,9.86669366921192,0.652524689562344,2.14298110618213,0.0052169671694047,8.88297892222979,6.65397247105681,22.5886737428636,4.55003917956044,18.7649919420019,36673.4738002819
30.9612628627049,0.329895225558841,9.61965171431615,1.16377711807255,10.0080204344482,0.662493220871281,2.13899683607336,0.00601603713034047,8.95749843893828,6.12258101877611,22.6715033532532,4.52817744228023,19.0219018644849,37163.6547013252
30.9786452360827,0.280921631521803,9.71886011574831,1.18722569080861,10.1098978015373,0.669807865995934,2.13825591704934,0.00672468175206047,8.97015597265287,5.78341117839842,22.6665426627274,4.52091666756185,19.2121283626542,37664.9672405783
30.948981685014,0.256598721160141,9.81333833081129,1.21199935117384,10.2066597584134,0.676762597508724,2.14524111960492,0.0073750416806229,8.93685068739025,5.62104086859312,22.574543879315,4.52592104455344,19.3994805756389,38462.8037410702
30.8683808602389,0.245167015849639,9.93680794838557,1.2425706632376,10.3333615867108,0.685704356483461,2.16495926312365,0.00802469175978863,8.87112357450747,5.61405839213476,22.4003381492214,4.5408989595694,19.6494358531882,39530.2551818054
30.7348898640504,0.240419212101081,10.1099839626737,1.28180030480399,10.5116084362326,0.698081556842266,2.20019789298844,0.00870247296440298,8.78381643875562,5.73685935466262,22.1526521926055,4.56371015710178,20.0021978140279,40872.7086765097
30.5503077054885,0.239182093672703,10.3205093602144,1.32802847607963,10.7287181442759,0.713044301053689,2.24696162487398,0.00928760556262717,8.68368256052283,5.95740826258258,21.8466097538934,4.59217036526874,20.4326170148117,41785.1589223047
30.3226267878007,0.239908990851566,10.4812677028247,1.36835660054384,10.8945396455619,0.724540772692532,2.28476233724851,0.0096087514393489,8.5777929537226,6.23539254374802,21.5051918547085,4.62390802176643,20.7663834795727,41885.7504246022
30.0610420828451,0.241621632345033,10.5489051860024,1.39567574412939,10.9642789864578,0.729545238608928,2.30279237984686,0.00994465425264545,8.47029988340565,6.53262421986004,21.1481749814431,4.65711834205509,20.915919428355,42140.4934007004
29.7705435386657,0.243587564527046,10.5965900784443,1.4208734329583,11.0137781899089,0.733127988661316,2.31660885858448,0.0105772390549467,8.36320307310262,6.82071147122796,20.7848889650819,4.69087867076833,21.0267772170607,42722.3135483212
29.4535782048298,0.245543216630591,10.6759583406433,1.45228315647949,11.0965085548527,0.73887246507768,2.33737068899281,0.0114274033438717,8.25836548934465,7.07663145854616,20.4190116388759,4.72462301033619,21.2022270678651,43541.1660567796
29.1123043668683,0.247508655981518,10.7929356673912,1.49096984836963,11.2186509326543,0.747198909206495,2.36624778007124,0.0123941768107744,8.15786709541065,7.27942260787901,20.0523563081006,4.75788074436454,21.454182866274,44371.0273410363
28.7502232520747,0.249552678828364,10.9384027287139,1.53499594212167,11.3709094895229,0.757495330782705,2.40116438160505,0.0133260785225464,8.06332787400772,7.40963434022637,19.6868351514515,4.79026011426111,21.7641465957501,45150.9690474255
28.3723491480343,0.251699267051379,11.0864648143289,1.57927890953993,11.5266418044343,0.767989798565046,2.43633392912863,0.014166617219434,7.97504163549376,7.45036144835233,19.3247414231841,4.82155175381126,22.0797183420815,45872.3863905111
27.9851981143427,0.253727000750384,11.2024345560447,1.61727582042097,11.650010709396,0.776300776571109,2.46403998999593,0.0151940510005682,7.89230471833726,7.38935973465513,18.9690923552855,4.85166991792369,22.3307847363684,46286.2237944172
27.5952599855874,0.255244536727052,11.2520791052668,1.64265746584488,11.7054897271442,0.780068421500201,2.47670294831684,0.0166432708014283,7.81411874034803,7.2240374174698,18.6234551426222,4.88057046512526,22.4481167558744,46157.0892640478
27.204516568537,0.256001087709479,11.2274774690325,1.65345892626972,11.6847210329722,0.778740694366422,2.47264306976203,0.018480276409268,7.73919272309225,6.96468587868997,18.2897913231993,4.9083616527017,22.4152368270972,45728.2748361543
26.8090476987742,0.256008660251598,11.1422243213815,1.65152253028582,11.6015950316095,0.773247246147915,2.45498006704709,0.0205526915678519,7.66621399109618,6.63150257109154,17.9681332966665,4.93526961689066,22.2589983251042,45065.8956899693
26.4008365587853,0.255382707520105,11.0226416771427,1.64106456655514,11.4831810416876,0.76540169446248,2.42957818129344,0.0228413704518156,7.59443145795251,6.24819269436069,17.6573172571874,4.96150228448919,22.0319439690853,44495.1276533316
25.9695000360663,0.254200171765489,10.9077461933941,1.62864826924775,11.3697576469729,0.757908536345505,2.40505044534527,0.0254628096896975,7.52394182289667,5.83572585555291,17.3553137166092,4.98717973548873,21.8122967376884,44180.0711433693
25.5070577887919,0.252533931765349,10.8079843463503,1.61633697833771,11.271908338802,0.751488752808179,2.38356781497419,0.0284583604861241,7.45601432602309,5.41270989644152,17.0621245150002,5.01212953940746,21.6209644101603,43742.5294734378
25.0107433418318,0.250498321605043,10.7051883113687,1.60141471428864,11.1704737517215,0.744866074008296,2.36087004204308,0.0316939868295614,7.3926457761668,4.99599044503663,16.780441937102,5.03591270740565,21.4212489736477,43138.4332874012
24.4832665587053,0.248231224277757,10.5780727223138,1.58059096480687,11.043115079158,0.73654141221076,2.33206627356771,0.0349767530235283,7.33569894047971,4.59900945847316,16.5141601521037,5.05802947183218,21.1702287090445,42220.3847236802
23.9324134459507,0.245845029930429,10.4148406272903,1.55210851266523,10.8774643487924,0.725675731645073,2.29448137863966,0.038184823633567,7.28641585248779,4.23037773497667,16.2668417422331,5.07808032263824,20.8441907815005,41124.5760715478
23.3665618251276,0.243354593208078,10.2352027542153,1.51930719295859,10.694089613111,0.713634873513557,2.25256993407074,0.0414535170196453,7.24518839955824,3.89162292090306,16.0393993805482,5.09593182266616,20.4829297766281,40250.5393481227
22.7931555065343,0.240680228657368,10.0726651024287,1.48776212448413,10.528011982121,0.702759653392577,2.2139126695334,0.0451675923761866,7.21190427261269,3.57901992579344,15.8306180311751,5.11164360529721,20.1540888421132,39652.1366593266
22.2189932030894,0.237684407256696,9.95581892762894,1.46215617576117,10.4091782805676,0.695057228455901,2.18496273107267,0.0498716964716349,7.18616901207928,3.28626029260887,15.638514067271,5.12536306441057,19.915388466565,39498.2824468683
21.6502327940353,0.234197645524589,9.90667488840752,1.44599579491015,10.360704959047,0.692080627354651,2.17065659968503,0.056314592223785,7.16713835517343,3.00596571351166,15.46116303696,5.13730212648681,19.8112339565252,39762.7235671991
21.0960022367668,0.230073646813179,9.92231435292169,1.43879961797487,10.3797014201496,0.693638307375255,2.17032253130844,0.0654410319085403,7.15311181620411,2.73225543780019,15.2981615501562,5.14771615574742,19.8358837644013,40094.5576324844
20.5678837521749,0.225235323478963,9.98680790254875,1.43804196354248,10.449694119254,0.698619115417782,2.18034254799192,0.0782366281299469,7.14088939126863,2.46144762925979,15.1501902716277,5.15702004766647,19.9574239506094,40428.7423300733
20.0755636773873,0.219685641290138,10.0719636318292,1.43930509239413,10.541415080815,0.705041372578255,2.19432393389279,0.0961084581075462,7.12546690202227,2.1916666609188,15.0173181099493,5.16592325925374,20.1193040394877,40819.0754293948
19.6243983878913,0.213393632356185,10.1631748623204,1.44029497395384,10.6397984626774,0.711875792691827,2.20888820781801,0.122439686822791,7.10046402081243,1.92345443138579,14.8978266390569,5.17543361366914,20.2922669400278,41386.469973283
19.2151022235426,0.206323678770332,10.2750676776088,1.44316259767772,10.7603285664197,0.72014828677147,2.22716598263044,0.162550224660007,7.05920327772037,1.6605548493136,14.7879157014365,5.18671850458002,20.5057012343797,42121.9820153745
18.8443151553601,0.198679597035366,10.4225409544102,1.45001828974117,10.9187810069786,0.730895194003179,2.25239821686936,0.221402272904364,6.99610341508155,1.40981491918455,14.682221248098,5.20087336380772,20.7895084359769,42999.7250255306
18.5064442230214,0.190988806517246,10.581119258634,1.45725174810162,11.0897060303089,0.742374098818823,2.2793029285833,0.30092770911543,6.90840636939711,1.18050870263603,14.5751107963478,5.21860390108196,21.0948671247429,43571.6054832194
18.1949078981048,0.18385839524212,10.6814195837383,1.45517168515548,11.2004984678737,0.749689317214306,2.29296520496547,0.398702666094988,6.79779354630491,0.981877749159771,14.4621345946801,5.23992233935162,21.2834476083703,43450.9899055127
17.8999644039448,0.177631184867055,10.6873180831482,1.43940160978074,11.2131578370834,0.750291883199907,2.28591817884586,0.510699193988111,6.66908301451745,0.818053542534682,14.3399974581067,5.26433666047123,21.2837323809024,43057.7311454186
17.6096169528484,0.172347733391144,10.6277643161742,1.41493259434307,11.1577367925149,0.746210776723753,2.26492805645294,0.633626581480723,6.52747214470506,0.687149022648582,14.2063914416177,5.29125429934206,21.1542464795449,42479.2164103635
17.3138090163472,0.167903824691782,10.5207987149566,1.38476153849648,11.0527763018337,0.738712842180461,2.23415629218828,0.764237825419438,6.37750115264311,0.583970182392232,14.0606804512287,5.32009370780099,20.9311762592866,41680.0266927439
17.0062892876178,0.164127816578858,10.3819079403987,1.35097971024718,10.9140586597473,0.728877952485944,2.19696639096059,0.900884331494693,6.22189315350494,0.501924672066424,13.9036059680482,5.35045722587706,20.6449711151302,40886.9456720925
16.6846341672566,0.160823901414351,10.2423611188865,1.31749434318408,10.7739710088104,0.718883677514254,2.1600170659901,1.04506862048451,6.06060940050408,0.43456416836039,13.7364047325079,5.38230540335736,20.3572618971487,40362.1094489604
16.3502918554432,0.157817307156332,10.1336581130715,1.28810426622146,10.6653034615635,0.710921499836238,2.12998870099707,1.20049067223496,5.89132105261803,0.376829036544821,13.5606905678767,5.41589567799495,20.1301602241905,40140.4730145577
16.0082827461982,0.154980557921415,10.0719756980672,1.26455729636785,10.604945533382,0.706118718681842,2.11026702822357,1.37058718546104,5.71068725342883,0.32555277645561,13.3787958485186,5.4515837046669,19.9954307714437,40171.4247473382
15.6666624303311,0.152242661850344,10.0488837212604,1.24548844554562,10.584103413642,0.703902308915668,2.09897466594854,1.55524064758387,5.51641489932613,0.279472026745992,13.1942787212742,5.48950194680268,19.9361312483922,40152.7957985827
15.3346434050062,0.149582250746632,10.0354741871839,1.22711175590108,10.5725846429653,0.702294609043353,2.08985634990962,1.74870575689233,5.30933693145978,0.23872124993899,13.0116824863455,5.52927347822986,19.8949011026568,39939.069334441
15.0191537811942,0.14700604784018,10.0078309761668,1.20655703159804,10.5454832431134,0.6996810437624,2.07775858890136,1.9411069093943,5.09383474876578,0.203882594912661,12.8350179930964,5.57003418012659,19.8245798086965,39538.3552834209
14.7217248851662,0.144521590499628,9.97032711647309,1.18459981708132,10.5075827137249,0.696410660127496,2.06357558204616,2.1234170534963,4.87560368856926,0.175083903214038,12.6657477278579,5.61086870287521,19.7342054361962,39428.344215712
14.4381330837797,0.142118964421601,9.97611952125788,1.16787163647053,10.514862637479,0.696207031651295,2.05861021205893,2.29184540318414,4.65856336393699,0.151702627759821,12.5018895008948,5.65131126534901,19.7293798741413,40068.9933586981
14.1638210514074,0.139776627389816,10.0611467160465,1.1604704327298,10.6050585190245,0.701560094563935,2.07047201273206,2.44588716958323,4.4458464311958,0.132802145157444,12.3405280151003,5.69106784693307,19.8810641146563,40993.7103154411
13.8971763716573,0.137467394899934,10.2257032739443,1.16188942459809,10.7783427014128,0.712457215716959,2.0991350370008,2.58664152668462,4.24004495337044,0.117421654569056,12.1794480889856,5.729887631161,20.1892268069414,42077.0642994661
13.6368637189429,0.135157181210752,10.4937626946557,1.17432475495766,11.0598636399782,0.730544378709092,2.14956432243921,2.71659504443729,4.04004661177026,0.104680768450153,12.0154528487439,5.76811220579789,20.7006984681564,43923.0446391321
13.3817899159776,0.132820121212288,10.9009711726455,1.20122910682647,11.4872003543649,0.758311817393935,2.22924322670621,2.83606702488232,3.84243034464711,0.0941848219595966,11.8439994942964,5.80649705905453,21.4855187473284,46713.868076262
13.1356972106031,0.130475661428876,11.4429862768323,1.24188344551316,12.0560116512763,0.795511486538513,2.3374374912688,2.93769172900467,3.64912493261537,0.0864675354982173,11.6618362090797,5.84495804480614,22.535298826164,49483.6914269919
12.9061883976514,0.128276208135504,12.0375749207493,1.28922894795234,12.6800121027536,0.83649377933702,2.45716729264966,3.00381329291299,3.47254923548929,0.0831275862172783,11.4670742415723,5.88183178473561,23.6897576857126,42827.4579541511
12.6997219918801,0.126851493167736,12.6773344258181,1.35011828384973,13.3511559996891,0.880776807859672,2.58843729237439,2.96426142112158,3.33399272525182,0.0888604509204688,11.2576359274755,5.91421141760486,24.9407677181307,54718.3573987792
12.5195747475643,0.130391388307036,13.4321954329416,1.44503631841876,14.1420437010663,0.933044310879816,2.75689101513057,2.56914276256789,3.20506294988633,0.147147718144638,11.0580078034395,5.94453070863124,26.4413921546079,57600.8795196101
12.3715591423812,0.18429815129895,13.9553903433712,1.53908728700821,14.6860632367304,0.969266634748962,2.91181718114217,1.75611021124436,2.90082541222225,0.424162116889497,10.9580138442495,5.9934846600396,27.5217898832329,60246.7421767169
12.2649561165098,0.690255182918749,14.4558342637865,1.6519967924021,15.2002292179338,1.00351157103755,3.15426611805606,0.870813643394969,2.29399931518658,1.135135018408,10.9493173293046,6.08050459416196,28.6230170150513,62545.0038624608
12.20817474489,2.8266781616877,14.8583186495209,1.76466986136707,15.6079779603167,1.0294138986883,3.44441119244618,0.277755261066806,1.53101713333547,2.32611234944802,10.8620260319039,6.19542242638149,29.5754826263813,63597.2681134707
12.1976847871566,7.65567195894581,15.0469689878219,1.85755338216247,15.7892264097422,1.03943379888383,3.56807470069996,0.0511837149441643,0.866435183008485,3.81081604169131,10.5620005565934,6.30875138296791,30.0337218410553,62998.9018534548
12.2153260870696,14.7401065249289,14.9298083376756,1.91611663192944,15.6498126174907,1.02866356966058,3.49533439930066,0.00637013303013474,0.430067733499882,5.35545497318637,10.0580778309704,6.40071668055753,29.810315027029,61710.7547974791
12.2395175482825,22.822403368272,14.6397929043673,1.95661556751728,15.3309967706676,1.00651282702252,3.34981137553426,0.000720445500192895,0.195868129389149,6.81621113864152,9.44448013182329,6.46959508914936,29.2275517882098,59927.5517978692
12.2555601805104,30.8181556024972,14.2058343670195,1.97718929605722,14.8636342833802,0.974748280269907,3.18133029408462,8.40380102852054e-05,0.085505653452244,8.12378158914522,8.81898517208894,6.5211039976998,28.3651135271796,57111.3095667655
12.2589989636012,38.0789169897066,13.6089515646639,1.96622652756765,14.2280732480741,0.93203365542077,2.99951177881594,1.06614771914991e-05,0.0372602954792716,9.25531070032655,8.24373643496039,6.56072280988319,27.1868635612671,53369.6427364021
12.2528913421504,44.4081181269103,12.9131053067226,1.92722681924782,13.4910579558215,0.882797697557006,2.81651713586097,1.50987563783378e-06,0.0166338419144574,10.2253536697776,7.74132969398094,6.59227232181566,25.815047312178,49689.8362543169
12.2425707162399,49.8776900980136,12.210987447709,1.87315410718291,12.7491511916087,0.833393874798079,2.64564639626915,2.39754892001448e-07,0.00768668410236703,11.0644089466941,7.31080724063738,6.61818864651712,24.4299327331342,46235.410211176
12.2323389314295,54.6331997483482,11.547099270413,1.81175566076372,12.048630736531,0.786848873053404,2.49088225679716,4.25113536647001e-08,0.00369139922766017,11.7982915104889,6.94415912964388,6.63993692714708,23.1176701794693,43030.7060162564
12.2243736537915,58.8292408051201,10.9394067308063,1.7473736742761,11.4081206251678,0.744362123662931,2.35260785128132,8.34998240788761e-09,0.00184269755419071,12.444846137622,6.63183525103204,6.65847742956006,21.9131409834615,40154.129212399
12.2189602692908,62.608631508436,10.3978439846781,1.6835883003287,10.8378205007651,0.706574100199121,2.23101979657841,1.79761170027219e-09,0.000953725300108415,13.0157690897132,6.3645271108865,6.67450977035536,20.8363972236525,37665.5574176512
12.2152595013777,66.0989965270187,9.92172159838317,1.62221409976527,10.3368149033985,0.673402173040806,2.12527164657409,3.28032257492088e-06,0.000522060533363256,13.5199785657691,6.13351964514119,6.68860003394245,19.8868709616638,35551.5449453147
12.2120381710797,69.2930858911459,9.4879331097953,1.56025126174671,9.88119177814843,0.643310134039849,2.04012764368578,4.76308456378431e-05,0.00114970519717599,13.9616143079719,5.93407600785548,6.70107337023723,19.0248318800524,33906.3354613479
12.2079731776435,71.7046360569012,9.12872531876088,1.50592338197728,9.50524660310162,0.618581291830029,2.00865663922896,0.000112411895487759,0.00846622712780272,14.3494151620204,5.76843153491923,6.71199104904114,18.3335348634318,32802.4386425965
12.2016856702124,72.2369373105771,8.83572141494536,1.46007849809091,9.20100498150407,0.598658264838489,2.03720393107937,0.000218582925528319,0.0354366390818908,14.6868291420505,5.65230514138698,6.72054105887889,17.8034204637982,32063.759016475
12.191646769646,69.9324956656885,8.60462703562373,1.42350717312987,8.96427491252477,0.583181753204152,2.1068903420147,0.000373869199816424,0.103416694113322,14.9623513051491,5.60244605229792,6.72423759586799,17.416415545197,31623.8477876789
12.1761586997538,64.6180674716705,8.44202446434626,1.39820082063303,8.80162586399337,0.572500752136923,2.20153378795744,0.000563872995051032,0.242008338384138,15.1466525112509,5.62287490797339,6.71867782775737,17.1754958815083,31660.0334446218
12.1534816613476,56.8279702813184,8.36470112530981,1.38739605363285,8.72983021670652,0.567691871760025,2.31278141059466,0.00080939176271726,0.483734037643215,15.201508335501,5.70390811650056,6.69861323743174,17.1068060652019,32273.0006713364
12.122475493732,47.5101307031807,8.38070739526656,1.39232852216064,8.75629457917582,0.569285166088591,2.43214372901708,0.00104361542152251,0.853581624574688,15.0901930500707,5.82907853236761,6.65955816872843,17.2193954236969,33125.8004581433
12.0836868441702,37.756074678426,8.48104644381869,1.41080833726812,8.87070867649659,0.576670486019581,2.54912355528518,0.00123418554043739,1.35639354176302,14.7902062312833,5.98310071277846,6.59959418215432,17.488707170238,34112.80616386
12.0403288698353,28.5517418974602,8.63177176749685,1.43603940775336,9.03705783060606,0.587535405364803,2.65084925718811,0.00142568832307675,1.97092805928324,14.3023335655249,6.15700904308926,6.52037691443291,17.8418166161008,34934.6470659203
11.9986297155736,20.6243796735451,8.7764358686695,1.45751105636682,9.1961783565569,0.598019156522753,2.72284797114962,0.00167813645959624,2.65147948510768,13.6547349232707,6.34780766297121,6.42722222742772,18.162849936711,35309.8243562847
11.9664772760585,14.3020604675059,8.87679801602985,1.46860788878266,9.308170083723,0.605495244547395,2.75855137238526,0.00202178195638416,3.34459303880372,12.89340447797,6.55616997445746,6.3271452641589,18.3757814727828,35502.9539846088
11.9516702368995,9.56263501655066,8.93198790626899,1.46986334529441,9.37227676103901,0.609896219119472,2.76162113108753,0.00247378676715313,4.00543016201296,12.066775534909,6.78329103334603,6.22660133389354,18.4818106061307,35561.1848361869
11.9608563053895,6.19337347353631,8.95973313652817,1.46512582376603,9.40717212334022,0.612434454051106,2.74008005627662,0.00301971745211033,4.60283409170918,11.2178705948521,7.02822479714504,6.13059893595603,18.5199085747007,35595.1190253765
11.9990529753403,3.90748780705074,8.97784687202832,1.45795126196515,9.43158629060858,0.614330361357723,2.70225200000703,0.00364485847361209,5.12056459719151,10.3789133438069,7.28778052547813,6.04229463413516,18.5291301930747,35704.2984414468
12.0695371208879,2.42643571791747,8.99322202590713,1.44969627907419,9.45279061571293,0.616054879443435,2.65472834912784,0.00434541853631613,5.55296554368407,9.57300187962667,7.55653595110634,5.96345781399991,18.5266155474029,35740.4990161552
12.1735652440679,1.51078746764326,9.00125488238862,1.43957190081475,9.4660106799432,0.617285693361563,2.60229648865376,0.00509920016035999,5.9018100799318,8.81576422056474,7.82752315490739,5.89483032241011,18.5065851554108,35678.3721516784
12.310845768115,0.967625739824199,9.00582643245731,1.42823805199252,9.47540385717773,0.618285136356985,2.55199366899719,0.00588306855782089,6.1755996624549,8.11268869757854,8.09474931530218,5.8360376276942,18.4806619754197,35748.6129692162
12.4803362312509,0.655713645687214,9.02534942711609,1.41889584596398,9.50043757024606,0.620326917000128,2.51321873593677,0.00669610104485361,6.38636526984545,7.46098880772684,8.35453012770812,5.78593445449472,18.4894436767318,36090.2033654856
12.6791028935332,0.481439302026951,9.06677060755035,1.41288091010805,9.54860609702547,0.623903272175316,2.49004683027273,0.00752745575789225,6.54551253845504,6.85796852873426,8.60385602990334,5.74333507164237,18.5488055926578,36419.0986125728
12.9010108230569,0.386044701453366,9.12022708661246,1.40874037278997,9.60976927647036,0.628343694947193,2.47980055736224,0.00833121149307748,6.66316331814264,6.30431856994285,8.83992720483064,5.70717777201074,18.6388820190994,36688.0343202134
13.1384420773957,0.334057189785677,9.18793783246742,1.40701001016924,9.68644916976337,0.633808499717126,2.4816008055354,0.0090299573290222,6.74880133910754,5.80087232391984,9.06206236891673,5.67629979866866,18.7636356661401,37166.0371903551
13.3844993182647,0.30530803205129,9.2878128558952,1.41074393659572,9.79764340567047,0.641546493228376,2.49850495086589,0.00961969064819723,6.81054525830563,5.34873952259753,9.27200070010848,5.64952004442667,18.9589239341796,38058.5391490232
13.6326138551558,0.288941212954314,9.43348657579468,1.42228518871362,9.95784773525052,0.652516900199315,2.53283753307,0.0101061380726406,6.85434739017535,4.9543456728344,9.4717529168611,5.62594301866611,19.25209289855,39048.7152007216
13.8770544978427,0.279270720606874,9.61471865352398,1.44007904364095,10.1563790351866,0.666014057131458,2.58085604314183,0.010377046070514,6.88429327212753,4.63004045053007,9.66283390779867,5.60499390648292,19.6217551803014,40055.3271131833
14.1138504820224,0.273378710121607,9.78634120868536,1.45702367008655,10.3455681457395,0.67888372038153,2.62938766780833,0.0103859259264305,6.90298319775942,4.39114850088641,9.84583196244177,5.58639411327686,19.9748659816306,40583.4209317824
14.3410225325404,0.269683777267897,9.88064285727724,1.46255687322351,10.4536546376433,0.686377803818158,2.6588039579047,0.0102462248435227,6.9121816067024,4.24954302444353,10.0196172388999,5.57009785494459,20.1717900763358,40404.6515942108
14.5610341206274,0.267155793483028,9.88761943913887,1.45532103555989,10.4696036542543,0.687765064804282,2.66514838274392,0.0101432486254008,6.91385605994238,4.20539369592546,10.1830838172307,5.55594515549268,20.1909993610208,40179.0146899235
14.7798186614912,0.265184296186717,9.8559876849265,1.44323022979779,10.4444981901455,0.686432617039581,2.66100884548509,0.0101034682293856,6.91031556187172,4.24851069082526,10.335666061623,5.54359732404375,20.1317547342794,40020.5998502129
15.0045185391969,0.263515017993168,9.83403496414169,1.43388494033666,10.4291847995041,0.68575329752955,2.65929929299498,0.010106153298168,6.90398117237538,4.3627405362739,10.477202205811,5.53261719697169,20.0927274340141,40324.9456517053
15.2428500001012,0.262014670970678,9.87098001139161,1.43484178670332,10.4756992779595,0.689180488657724,2.67360857458519,0.0102118190626082,6.89722242634792,4.52917195964181,10.6083360419571,5.52249801649901,20.1748053328105,41211.2057814962
15.4997191330298,0.260610999305251,9.97436857689815,1.44705616471843,10.5920449447635,0.697251151403103,2.70621655876142,0.0104327131680371,6.89188757345438,4.72496520100365,10.7295059533005,5.51285313432497,20.3934498413792,42054.1789364924
15.7756190296591,0.259335032012966,10.120207426241,1.46645130406553,10.7528388750492,0.708274320736982,2.7506337090838,0.0105953364186968,6.88842424963085,4.92266781558931,10.8414922637412,5.50352716432956,20.6992431914226,42751.9504596177
16.066949357105,0.258339015044276,10.2494299884857,1.48347377865124,10.8955699847643,0.718077888578075,2.79044411635531,0.01055233938028,6.88516701793775,5.09385884446129,10.9459189465993,5.49465910267352,20.9706003279119,42945.799372149
16.3664067133813,0.257551322605557,10.2889755410663,1.48652312147024,10.9429691520042,0.721507725453241,2.80503686624266,0.0105994716039761,6.87927470523093,5.21383291261479,11.0438090923631,5.48662767887213,21.0571636312555,42570.1426010592
16.6673660776584,0.256576583953257,10.2517290414252,1.47763895669811,10.9089791173543,0.719476018510011,2.79770318227483,0.0110498235379072,6.86867594204794,5.26587851065589,11.1349681517089,5.47976354864251,20.9855282559737,42217.5286053418
16.9655870318679,0.255170283962239,10.1912129312812,1.46528596952986,10.8506379996747,0.715766286147237,2.78325613864507,0.0118605864813052,6.8525776980561,5.23976641908302,11.2182731302269,5.47423862057033,20.8660437953275,41981.7023608787
17.2561056916939,0.253337321777903,10.1211752212605,1.45161324625514,10.7826502462138,0.71135888838111,2.76548527339186,0.0129814093362468,6.83110458404445,5.13023054781568,11.2918910195334,5.47013212853398,20.7270831983188,41549.927853816
17.5315882949945,0.25114802553783,10.0189152613922,1.43294411601367,10.6808122557753,0.704659000045058,2.73795999612452,0.0144041183188352,6.80500353123024,4.9399371944578,11.3541685689981,5.46743844440717,20.5216902656288,40657.4566919173
17.7843478156259,0.248638667090428,9.87167831706278,1.40705179401957,10.5313414806269,0.694766518993911,2.69700126676676,0.0161544376961819,6.77518991066407,4.68043819204971,11.404884173893,5.46604516763516,20.2231539262496,39616.6537933929
18.0077990774041,0.245792389605917,9.69160987588708,1.37566228740167,10.3469009711377,0.682537578927788,2.64596910553088,0.0183571466047433,6.7424353351307,4.36852266213848,11.4453413578807,5.4657638476349,19.8561142696638,38503.9984032547
18.195778238294,0.242586553776534,9.48140068445363,1.33915607355944,10.1300760725166,0.668157664217863,2.58562508227131,0.0211716040453298,6.70751092223343,4.0240640874771,11.4775750379226,5.46637234143203,19.4258373035248,37088.6457397994
18.3439282180726,0.23902454327092,9.22782408770733,1.2954844427974,9.8664712116559,0.650678607302288,2.51225829907426,0.0247267856639209,6.67129183826372,3.66803093683773,11.5038544227373,5.46763322027141,18.9047740770591,35248.7472588276
18.4523412446454,0.235096589472757,8.93307391765523,1.2449546940192,9.55818869490756,0.630238400141464,2.42645749524387,0.0292404176081119,6.63446193268241,3.31722455463044,11.5264443471093,5.46932996212867,18.2971793146079,33345.1049845391
18.5251125602878,0.23075312292298,8.61768605443276,1.19074103463273,9.22704539826505,0.608280303746975,2.33399178490837,0.0351679226363855,6.59727552315946,2.98177750036423,11.5473552057851,5.47130817530621,17.6453187085111,31468.6414505393
18.5682146704387,0.225926676741259,8.30214378093269,1.13603689798872,8.89497319535852,0.586255374349534,2.24065532869693,0.0432188575431917,6.55956770825817,2.66686723306243,11.5682475239949,5.47348761363682,16.9915581487423,29745.0827710074
18.588017141526,0.220539506356085,8.00643135701871,1.08391167417745,8.58350383508826,0.565587719253518,2.15209178739666,0.0544536162881703,6.52067258920228,2.3737199735587,11.5905563986226,5.47586557488061,16.3773193378393,28316.6120447266
18.5901855236243,0.214549533779677,7.74238851267927,1.03617713735448,8.30551715957338,0.547127589931925,2.07166610883231,0.0703016871414564,6.47949195696106,2.10197499139136,11.6156259150768,5.47850662085421,15.8272671410843,27081.230967747
18.5794432559622,0.207999961977025,7.51116457330729,0.993035346770599,8.06244806486027,0.530965381531158,1.99976775670346,0.0924378326146731,6.43465565306687,1.85135998970426,11.644770232452,5.48152174858651,15.3440262317874,25999.7767637451
18.5597215711958,0.201038801432877,7.30683579713478,0.953662204518952,7.84810323030001,0.516684374506737,1.93484186697824,0.122534699977585,6.38473226191804,1.62205862335812,11.6792308630208,5.48504085855646,14.915628488804,24943.0415017082
18.5343404775048,0.193905058710656,7.11973314361973,0.916728284760658,7.6521999686663,0.503595806861772,1.87433047048273,0.161838361014207,6.32855633858462,1.41465189971048,11.7200066574444,5.48917492577657,14.522374917836,23873.8699528994
18.5059204935123,0.186835262958683,6.94847947507434,0.882087230622526,7.47327068189314,0.491592313307389,1.81794130166459,0.211307460981376,6.26512486837151,1.22854267337,11.7679494224234,5.49401374393695,14.1615241336287,23016.3064253981
18.4763401887398,0.180004938366103,6.80041162830199,0.850788769445019,7.31915412982496,0.481179223961929,1.76774486083736,0.271958575820338,6.19338259276538,1.06188481719665,11.8239866640122,5.49964089937293,13.8481487863629,22418.8482732673
18.4468638210526,0.173515169410051,6.68851372854063,0.824584346691403,7.20375293194404,0.473258106922523,1.72730809877824,0.345257239030216,6.11193029356849,0.912104715103732,11.8894171560086,5.50615944926874,13.6088188621131,22294.6269556118
18.4182591493608,0.167393789655016,6.63301100733398,0.80608908861394,7.14877132655675,0.469237561384287,1.70210157727612,0.433888469794456,6.0183883036489,0.776071385073192,11.9664897231203,5.51374701041575,13.4848331672163,22799.9353230509
18.3913509969938,0.161674527064589,6.64613927599081,0.796754904495044,7.16735843325002,0.469958840265685,1.69544934572119,0.540231414071651,5.910365806373,0.652227105810364,12.057714644168,5.52257487976311,13.501093973563,23547.1164939687
18.3670826772305,0.15641311217281,6.72820999896596,0.796392649775543,7.25985747220715,0.47542518080731,1.7074766271699,0.664350618071804,5.78664123663562,0.540834013085679,12.164787152771,5.53270978008008,13.6580803985578,24396.8095256644
18.345916851747,0.151646189524697,6.86113925239423,0.802387994228549,7.40682899827559,0.484354151972778,1.73332549074871,0.803771992569385,5.64711497431571,0.442567575922964,12.2882863014013,5.54413043513205,13.9186274450221,25203.1370448214
18.3273623132319,0.147382694288356,7.00851168238774,0.809850602732618,7.56907924060876,0.494189614869193,1.76322369771562,0.953550391630284,5.49329924371977,0.358149401849361,12.4267534152126,5.55671303490319,14.208163964744,25749.8647269587
18.3096978420946,0.143588998775064,7.14029962353614,0.814871513612793,7.71422639138049,0.502839901161639,1.78915464564246,1.10818626359566,5.32776687101005,0.287619658404969,12.5766649632831,5.5703062332477,14.4652750231815,26104.0046545341
18.2902684673321,0.14019460737655,7.24320103006492,0.81579140384037,7.82785014137359,0.50939571224065,1.80762779054869,1.26340958358608,5.15312332125131,0.230079002173717,12.7331167836701,5.58483298705775,14.6627927335761,26291.0931396003
18.266275769484,0.137120145066538,7.30691798950556,0.811438807273195,7.89876888373335,0.513161001040172,1.81602157838417,1.41563188913504,4.97244036652743,0.184207803551265,12.8895941013389,5.60024887401568,14.7798091416666,26163.5646465375
18.2355504266501,0.13429180508312,7.3224234312845,0.800903461430436,7.91721480911342,0.513529635558447,1.81207821995066,1.56150980703613,4.78948830989201,0.148469303100453,13.0384445088201,5.61648379129609,14.7981425369855,25653.2705649481
18.1967338261659,0.131642299745973,7.28855684661218,0.784276884775464,7.88196093458897,0.510444024958161,1.79556305332751,1.69904932779225,4.60728877719044,0.12104830599508,13.1731012545147,5.63350819394478,14.7156900287127,25005.3952595628
18.1489637701794,0.129115342457158,7.21566583055146,0.763003967691182,7.80422595663277,0.504646986282742,1.7691984951097,1.82775538485895,4.42752514728392,0.10013234614668,13.2891709326449,5.65134888603823,14.553738810173,24288.3188220777
18.0917075034758,0.126670538229753,7.11494901333184,0.738589686010165,7.69616411595632,0.496934547464716,1.73589835928383,1.94751241836251,4.25146240951257,0.0842075622960677,13.3839627277327,5.6699895716105,14.3352675384247,23501.1915845802
18.024703931078,0.124281277614217,6.99485608635845,0.712179614064382,7.56696354204226,0.487904530830668,1.69784110609757,2.05832409997528,4.08019234128546,0.0720726681628539,13.4563862265344,5.68934234388331,14.0776228118962,22659.6225601189
17.9479586068952,0.121930970841147,6.8624760430964,0.684718289774071,7.4243294875189,0.478054706034615,1.65683551520308,2.16041122478803,3.91449211185448,0.0627883539986176,13.5068478927286,5.70927340776295,13.7953275928246,21808.9852160353
17.8617916999507,0.119610084381495,6.72419303268674,0.657021251379418,7.27518923754554,0.467830040623595,1.61449639868118,2.25418235845173,3.75480019206798,0.0556355302527484,13.5368766957175,5.72962930384516,13.5014122684677,20974.3943378449
17.7668578415076,0.117313808725177,6.58558359649525,0.629764330331909,7.12558724439397,0.457617015378681,1.57221919446312,2.34014647116488,3.60127687031671,0.0500744635873015,13.5486755302659,5.75025574387922,13.2072144302068,20189.2645196292
17.6642596620885,0.115041248816503,6.44960882460297,0.603311397164116,6.97874155674175,0.447619174007549,1.53072969075116,2.4186693541397,3.45411479242788,0.0457109738317075,13.5447545225253,5.77097628638389,12.9187549360182,19400.4312378442
17.5558760162404,0.112796267635732,6.31394004766898,0.57748288260761,6.83216107814853,0.43767253638593,1.48943078987501,2.48964146892294,3.31406044399469,0.0422663862398173,13.5278289660368,5.79152494497477,12.6313949651512,18508.5745530753
17.4442567785212,0.110586030522987,6.17348340600225,0.551844038759547,6.68036727548708,0.427422181587501,1.44705223820515,2.55269331482696,3.1822557472519,0.039537430545796,13.5008305392729,5.81156604881429,12.3349545257253,17503.426024448
17.3308993629529,0.108412243231893,6.03276430943123,0.526866485885676,6.52825959532983,0.417181608568889,1.4047014654515,2.60845342902372,3.0584737756111,0.0373487118119732,13.4663102631387,5.83097599449196,12.0385562827956,16767.6753635471
17.2138586561666,0.106261201002209,5.91528032729331,0.504682228779065,6.40121903078548,0.408578742209532,1.36809843014151,2.65958871058973,2.93933195444416,0.0355321532153776,13.4251970480606,5.85017063218478,11.7892599833677,16816.4058884578
17.0898818191074,0.104115627389573,5.84296727346837,0.487120871197586,6.32294961449868,0.403130488688546,1.34251580173372,2.70866850361639,2.82125344074794,0.0339702587011503,13.3772149438386,5.86966897651739,11.6308429699235,17277.480958216
16.9573853465674,0.101967816466101,5.82220319857837,0.474520974625439,6.30036989912621,0.401274618060959,1.32939039145388,2.75655734687197,2.70316865463196,0.0326054459396352,13.3223265173727,5.88962647582725,11.5758515428373,17954.1694599084
16.8157441559954,0.0998150171367066,5.85324842605183,0.466657893797633,6.33380482797193,0.403025475325213,1.32863938989255,2.80340971667953,2.58531010829316,0.0314041128752623,13.2608446290271,5.90999478890546,11.6245687998632,18803.7479492284
16.6653849135224,0.0976591152013806,5.93035829128026,0.462804409699409,6.41710261971927,0.407982276488872,1.33871138291807,2.84897083431812,2.46894917101684,0.0303458753445586,13.19362662898,5.93054476710275,11.7652884839421,19696.0148130531
16.5084574594042,0.095508531805963,6.04219392639333,0.461819825660666,6.53807565923889,0.415358455118556,1.35671972497842,2.89257906642217,2.35651757465758,0.0294212280457136,13.1223834250241,5.95082755392163,11.9751948997909,20501.7591892648
16.3486860433413,0.0933768915194835,6.17350720139908,0.462337920703336,6.68031505894871,0.424099164482154,1.3788866539343,2.93342010134865,2.25103635623078,0.028627286853579,13.0494413016884,5.97026657290042,12.2237799322637,11961.9806447041
16.1894429060004,0.0912775784863867,6.32399269714851,0.464274762707909,6.84360221877133,0.434186677197073,1.40496372810166,2.96997415347068,2.15472585387383,0.0279716871897377,12.9765463049817,5.98842529465587,12.5103884697322,22329.9483627008
16.0295836516469,0.0892715718256203,6.55753575734946,0.472565825058267,7.09743220910498,0.450060946853268,1.44990039030258,2.98964779431425,2.06632593164328,0.0278746929283128,12.9034432966215,6.00546322062014,12.9624117285229,24598.2251866094
15.8743013967579,0.0888111780620606,6.90515298933304,0.489548820896527,7.47646215426162,0.473942857190242,1.5222461012451,2.94717355944274,1.98101518064146,0.0328921966159662,12.8376087999002,6.02150559049763,13.6433139355902,27178.0146581814
15.7354997325949,0.104550123321614,7.35736738663054,0.514654705322423,7.97178173497507,0.505352795441905,1.62610901577555,2.77575562582307,1.88147615406763,0.0627764483426866,12.7969206256111,6.03779565552289,14.5395357591908,29723.5418243047
15.6277161055712,0.197852023812723,7.84424220951789,0.543173178109585,8.50637197955709,0.539693581723301,1.76700409549046,2.42954856384201,1.74534938975579,0.163904434312606,12.7937339090884,6.05685452295577,15.524656610103,31356.4656555376
15.5611319165779,0.515323495087804,8.22854228032165,0.565932124043471,8.92871575589838,0.567485973436811,1.94081620022954,1.93480311177778,1.56559122561205,0.397978893246458,12.8154372892226,6.08081210191975,16.3409362716577,31467.3968973519
15.5359083073508,1.28184803954974,8.42948081915095,0.578151521740039,9.15033472342234,0.582753019453037,2.12882102075573,1.38382077453977,1.35345196139748,0.811810221446614,12.8304785119613,6.11022080992653,16.8276201615531,31161.647497013
15.5476175371304,2.74823296004882,8.48370902777889,0.583478487749276,9.21061814293222,0.58747693420671,2.29784223414576,0.877564572919052,1.12603700097474,1.42612909367851,12.8090076995963,6.14433104718442,17.0324119579261,30722.712466732
15.5929165929446,5.07937533371833,8.44167302119037,0.585901086844929,9.16360763218066,0.584809331844939,2.40722630974716,0.487416095658577,0.901787818340565,2.23228514317096,12.7326256425516,6.181310769864,17.0234280884371,29955.4285703445
15.6695478428614,8.24619831144439,8.32525566313794,0.58630658586522,9.032754737855,0.576293144457565,2.4348376499827,0.235152384474138,0.697664383396919,3.19259127256882,12.5968834248572,6.21876177478319,16.8270512388648,28733.5228386969
15.7753348154118,12.0569633599853,8.15103516379051,0.584515298338032,8.83660907277899,0.563365098282386,2.38868771499816,0.0985683883341544,0.524526976423483,4.25627013179776,12.4084405014326,6.25466309947636,16.4784444004687,27391.6626184899
15.9079647863563,16.2698873774481,7.94285287558711,0.581001227782766,8.60218314925648,0.548000036293511,2.29558589194219,0.0368729255832322,0.385976938188704,5.37720512963887,12.1789147074649,6.28786436676235,16.0381172672038,26042.7611329429
16.0651635566156,20.6761119839439,7.72614111700468,0.57686301954857,8.35828843839867,0.532151847951971,2.18573843834736,0.0130192786526897,0.280071945494389,6.52179605938747,11.9202610380847,6.31803293053374,15.5718854838971,24928.3157261827
16.2458569726145,25.1574921997325,7.52889864527352,0.574058633677017,8.13589942122475,0.51779008144447,2.08115549408573,0.00453787730345751,0.201234782172642,7.67442240342049,11.6414655007712,6.34550731474324,15.1451873249022,24235.7123407088
16.4490735231489,29.6461389421836,7.36503606635887,0.57376143258006,7.95019771744496,0.505839435530469,1.99048935615158,0.00159221628773126,0.143465902253543,8.82471821921195,11.3499835438286,6.37074182312057,14.7890798417413,23687.272166179
16.673164997327,34.0964942292434,7.23359877377556,0.575836070247015,7.80013862457961,0.496195798174088,1.91438564861953,0.000565527417696053,0.10159932002983,9.96246242743593,11.0523332985117,6.39411039860733,14.5020951301333,23208.7252264023
16.9135243553794,38.424226510104,7.11331537820642,0.57770217148092,7.66302450270652,0.48739812579936,1.8503309763102,0.000212308682235338,0.071834830987277,11.0684429246762,10.7567071187248,6.41571871232909,14.2430070057891,22921.7901032568
17.1688267940436,42.5005971023589,7.01565103590942,0.580622663315616,7.55146840680404,0.480263203416714,1.80962150102996,0.000104851043734343,0.0518385138178407,12.1438152264971,10.4671872076799,6.43592724539605,14.0402723639644,22936.6202008089
17.4367475772847,45.9234077646509,6.94558836996187,0.585505614637583,7.47137070596316,0.475187091915091,1.79954739141365,0.000100949884492511,0.0434028354039718,13.1838313371593,10.1936334070425,6.45458915160525,13.9083692877101,23100.0722730256
17.7143239896299,48.1373712293386,6.90527875943567,0.592925045829526,7.42562031067498,0.472346290683446,1.81915533928255,0.000131517253952407,0.0553168641206477,14.1732467822323,9.95107399300966,6.47041139225628,13.8515364130462,23426.2400421919
17.9972895835799,48.6830285085417,6.88825964934387,0.602455772653566,7.40769868729276,0.47127258520829,1.86540064697055,0.000176863603942901,0.104380220227721,15.0806029476957,9.75583566115087,6.4805678621206,13.8564660672967,23621.3837049653
18.2777244913562,47.4265143392937,6.8683323722368,0.611243225623657,7.38950072435222,0.470113984097282,1.92849484303092,0.000236479488939717,0.210661589489806,15.857965715902,9.61992498329068,6.48133276561738,13.8684277007926,23270.5545673791
18.5483842741642,44.6431111335898,6.82165100689066,0.616292195585214,7.34487858397535,0.467179668885858,1.99470019952352,0.000287844791594774,0.388967355404026,16.4682278997217,9.5437130273509,6.46980118164065,13.833897708491,22722.7667336653
18.8065045719327,40.8071632864765,6.74716003055054,0.617068546513254,7.27186808694474,0.462365334569062,2.05417887881665,0.000320754908172304,0.645015113441107,16.8996549436449,9.51864424739183,6.44474090804173,13.743916867389,22155.3352314202
19.050483340671,36.4140823916419,6.64874537254543,0.613774651927709,7.17384241948234,0.455925823855797,2.09980374857188,0.000341691347276608,0.973581752417081,17.1553633018318,9.53454201331395,6.40663906013444,13.6005572909277,21405.0996517504
19.2776309901825,31.9202904364698,6.52153578588661,0.605760301032692,7.04492206470541,0.447515685672644,2.1254039355209,0.000356479428084168,1.35694340402584,17.2497420014,9.58212424020248,6.35784419031211,13.3903540363328,20285.2905173241
19.4865855150579,27.6538389351723,6.36505834191037,0.592922114541028,6.8841996634353,0.437087646117762,2.12971597718277,0.00036763436551121,1.77206713623018,17.2085746595821,9.65346102327705,6.30168254586068,13.1112562521436,19102.5665511293
19.6785084943188,23.7772880230472,6.19009384180282,0.57653134231232,6.70311101057671,0.425372485217921,2.11687808703021,0.000377497453383832,2.19999674358086,17.0606917001317,9.7427315343178,6.24109490185135,12.7857794657614,17965.9367058682
19.8554860874748,20.344281925044,6.00969478187884,0.558211838609983,6.51567569198463,0.413264028028863,2.09233862316335,0.000387448896860119,2.62739560206538,16.8310965914764,9.84603726167334,6.17828253469372,12.4416744737925,16961.4161881526
20.0201999919342,17.341358513856,5.83632860713242,0.539560087508213,6.33536096952618,0.401622748560021,2.061224230294,0.000398739299351119,3.04706559663186,16.5383620729025,9.96115629095896,6.1145538803636,12.1055100223037,16164.5586393697
20.1749294247803,14.7332629083918,5.67726734502921,0.521590957621635,6.17005486500336,0.39095451462353,2.02673982583714,0.00041241595684318,3.4549359226629,16.1957788348127,10.086829744454,6.05072104043203,11.7930075581541,15468.2012935008
20.3210012037144,12.485331940577,5.53359723242196,0.50459812561352,6.02096462569465,0.381337599807071,1.9900693273959,0.000428556550779478,3.84742749440517,15.8142330202195,10.2219492142208,5.98750408012517,11.5070733038489,14828.4900196783
20.4603467513635,10.5480791819072,5.40830304403674,0.48903758431946,5.89136031545875,0.372983855951949,1.95256208845581,0.000448955977231019,4.22493965353409,15.3994685286302,10.3665109469556,5.92498093178994,11.2542427891451,14450.668160201
20.5969047867552,8.85278062298975,5.3121181530799,0.476178057469398,5.79291294941848,0.366651052997918,1.91677389995661,0.000480972439447734,4.59520943362549,14.9465124050288,10.5234869432717,5.86195507284607,11.0562795723449,14591.7538259156
20.7341897964547,7.35142445477252,5.25328807117089,0.467003672603872,5.73458891917127,0.362931233112763,1.88381889822432,0.000534684293520137,4.9656236340036,14.4463005949553,10.6971572071395,5.79712941767816,10.9294094298122,14948.3792276794
20.8733615216536,6.02956761277539,5.23077205274271,0.461465050487773,5.71527276742013,0.361769081494322,1.85253179570374,0.000618511063659812,5.33721841972471,13.8949231233499,10.8904810274424,5.73017303049457,10.8710571723358,15362.7882338583
21.0152987228602,4.87638656631433,5.24294118524923,0.459401897273368,5.73320920675192,0.363065700008935,1.82186322192325,0.000743206277194196,5.7103957853209,13.2884255791702,11.1067740027567,5.66081815822074,10.8775755013099,15960.1415946511
21.1621430122124,3.87436569132813,5.29419800386866,0.461250089099062,5.7931994231137,0.367144760230734,1.79214078497338,0.000934661381251923,6.08891243757864,12.6162367965731,11.352095784068,5.58811066360157,10.9574192772721,16930.6053369949
21.3156701211367,3.01318768983613,5.39023313526894,0.46756681752488,5.90146202655519,0.374421907026859,1.76425192327529,0.00123748405665982,6.47503211371975,11.8680023753851,11.63341236899,5.51124144587683,11.1217998339225,18060.44218201
21.4758739929633,2.2913068203285,5.53051349969575,0.478266928103026,6.05747974334351,0.384871414042399,1.73863541315296,0.00171077033317331,6.86582308762927,11.0423792223535,11.955600458711,5.43032352480542,11.3700253570232,19239.6592326079
21.6414164545055,1.70588241958094,5.707795622122,0.492606818612539,6.25346123251764,0.397986249743126,1.71534241069743,0.00242157697595229,7.25480656268518,10.1476349500002,12.320785901655,5.34621724160553,11.6886382751768,20352.3362741496
21.8096205021417,1.24908517548906,5.90698916011625,0.509106770300346,6.47308207507028,0.412694744642625,1.69369162089568,0.0034229390693617,7.63261623196694,9.2032867804791,12.7269329948546,5.26053879548916,12.0490852362315,21287.0752987212
21.9774051396348,0.905851042400881,6.11203250258079,0.526260636015484,6.69894485275498,0.427848021684019,1.67318679227965,0.0047359332422233,7.98995931177761,8.23472662013347,13.1690318395039,5.17512447235582,12.4211367795585,22149.7873407231
22.1418130308993,0.656587285402788,6.31287258260535,0.543231821494206,6.92016938706788,0.442719580278178,1.65443018891928,0.00634663525883923,8.31922215681272,7.26819433306072,13.6405750445238,5.09166684257539,12.7865008101259,22961.6547862454
22.299161348851,0.48169315926137,6.50001689320433,0.559285437650047,7.12644591259739,0.456622269863256,1.63767103073835,0.0081831389851045,8.6130403799461,6.33353614043836,14.1315110326041,5.01206314061235,13.1277212258831,23577.9689422071
22.4450236951348,0.363186549510227,6.65883872310063,0.573163355367567,7.30181076648443,0.468502981691513,1.62128253750848,0.0100899742056144,8.8648348891557,5.46286571754911,14.6274191485057,4.93838603496502,13.4165352343347,23866.018977569
22.5759200073981,0.285132371504984,6.77858800105868,0.583910584167524,7.43448701413587,0.477581940095736,1.60349557239854,0.0118749409078122,9.07184295700994,4.68013058253494,15.114098687336,4.8720932592298,13.6317592251719,23985.7071000165
22.6902075871792,0.234715264293894,6.85945869833323,0.591583373564171,7.52462557634976,0.483859205752453,1.58408623507351,0.0133855234244084,9.23547011578099,3.99684269569497,15.5809173711539,4.81373663904167,13.7735836380222,23995.9040358386
22.787779961002,0.202633288515953,6.90756229002725,0.59677461574834,7.57884043565438,0.487761209704851,1.56363464795699,0.0145334376153494,9.35952576885565,3.41570184973127,16.02026136846,4.76327562760145,13.8537458413929,23944.0889515294
22.8699354350702,0.182492209884782,6.93155913387969,0.600285050210991,7.60654699254989,0.48990226824631,1.54307281812542,0.0152968985554127,9.44922570026471,2.93288722242665,16.427522890387,4.72023710523974,13.8889622626686,23874.5035681646
22.939013042064,0.170062978113165,6.93869381378949,0.602732824442267,7.61563561184164,0.490801646579247,1.52301829583312,0.0156983472984836,9.51030875775615,2.54086449283544,16.800315052169,4.683911994014,13.8930981552551,23762.0518285661
22.9980574500133,0.16259953664597,6.93324501498068,0.604399027443173,7.61077698765072,0.490770881916783,1.5035406371796,0.0157835896666025,9.54855804882176,2.23009235874465,17.1379815885086,4.65346740722758,13.8741163978846,23613.0833213469
23.0501781236509,0.158346267974084,6.90840615993454,0.604404116325978,7.58453096553484,0.489332429807102,1.4824506798663,0.0155865522244124,9.5693799833743,1.99129635110873,17.4396132110333,4.62815794644143,13.8177868102928,23100.7952177014
23.0979505173049,0.156159537105654,6.84113609534198,0.600113912413916,7.51171113235985,0.484846985048968,1.45422658862127,0.0151113791184189,9.57781155667804,1.81548438876457,17.7031142459637,4.60739717854114,13.6773072077052,21960.3473290311
23.1437399442872,0.155237017500079,6.72194955327645,0.590204594322035,7.38198770420257,0.47663458194254,1.41644147254461,0.0144134753572859,9.57857442740428,1.69045523477212,17.930188082681,4.59038031798435,13.4331699874535,20715.8397047675
23.1897430198435,0.15503089989832,6.56643198946245,0.576055856251389,7.21246434150042,0.465803325049012,1.37216437595614,0.013621291208064,9.57542079646525,1.60286494959444,18.1267121747937,4.57614196416024,13.1163930287665,19543.4144724827
23.2377969528597,0.155191376574196,6.39835075016147,0.560063709461797,7.02918398223689,0.454049720413766,1.3262423650777,0.01287956748053,9.5709414266267,1.54143858808781,18.2994014567246,4.56382325684152,12.7745659171762,18654.3093926102
23.2898584606501,0.155497229638715,6.243949286858,0.545006902004026,6.86088957487939,0.44325270010209,1.28401801388397,0.012338824029186,9.5668904516044,1.49723089785262,18.4553092572413,4.55265753395584,12.4603228463481,18235.4199680475
23.3477448388283,0.155801284709189,6.11821439232346,0.532575741444425,6.7239884060493,0.434491766320238,1.24841860405297,0.0121418898936466,9.56452131003437,1.46368397027546,18.5998201233167,4.54207271104947,12.2037240094225,17990.6204246809
23.4126185470756,0.155985318802741,6.02097330242744,0.522862644856063,6.61828502137025,0.427762799002218,1.21918303559693,0.0124276210558563,9.56472244769231,1.43579400625534,18.7360611415552,4.53171954924381,12.0043715859897,17797.0875262444
23.4848016969756,0.155937713784097,5.94292372531074,0.514936737722815,6.53358714456819,0.422405041223057,1.19418217085929,0.0133516740116566,9.56792847001912,1.40941614286966,18.8658406921858,4.52141589760835,11.8435088616536,17456.0104713924
23.5632087067773,0.155556588541158,5.86693061116617,0.506971751553527,6.45112310588509,0.417191642989561,1.1697463972097,0.0150608982464394,9.57389769933569,1.38145028190254,18.989589089075,4.51118305672227,11.6866477007357,16782.452766451
23.6461357557171,0.154764972387891,5.78109605041021,0.497640755948058,6.35786142912416,0.411266727314639,1.14337469271626,0.0177048139213681,9.58179527570194,1.34992346717629,19.1078297330231,4.50111888667115,11.5098242078095,16048.1460870402
23.7323752275797,0.153513855297877,5.68572178141555,0.486924476381816,6.25413565688681,0.404649277437546,1.11510600247941,0.0215009836957843,9.59055793036921,1.31376955613486,19.221997620069,4.49128084289386,11.3135922215612,15367.3014835533
23.8214602754013,0.151774541300638,5.58872510006781,0.475654056642353,6.14862164300378,0.397907376431878,1.08651238861446,0.0267984396481658,9.59911892666312,1.27247218877283,19.3340670835048,4.48168270439956,11.1138065647346,14910.3939075484
23.914225877229,0.149515341860557,5.50404967085542,0.46532976109679,6.0566005128324,0.392045216580399,1.06030806513798,0.0342562580901465,9.60651524033069,1.22537823936755,19.4470036160268,4.47224850907387,10.9383892740327,14856.9137851006
24.0117221215747,0.146708520496124,5.44183899904596,0.45708992584727,5.98918322308354,0.387796896665931,1.03838046390676,0.0448917365351617,9.61158634352131,1.1718891779274,19.5635923190907,4.46294684271253,10.8076335735526,14971.4556513116
24.1140173483373,0.14336553585532,5.40320294653451,0.451133829884519,5.94757058976048,0.385246924890485,1.02081989164181,0.0599336651560688,9.61276960461804,1.11209398289305,19.6853422974588,4.45390100736914,10.7237361671908,15133.0984624821
24.2201460907238,0.139558239749586,5.38237406989584,0.446922316785423,5.92541702600772,0.383981868582299,1.00641911714347,0.0806262844329295,9.60826464276159,1.04695028219977,19.8125547536702,4.44535707950381,10.675137083481,15162.3749058176
24.3277422821411,0.135437898305873,5.36596312144494,0.443096934213545,5.90801169943073,0.383035036056577,0.99260766276834,0.107695786563235,9.59644264450966,0.9785806047978,19.9438003176453,4.43765871214501,10.6350717753041,14876.7758474636
24.434446611168,0.131184557824068,5.3424705934615,0.438457071349045,5.88271929622648,0.381570766388159,0.977282923564524,0.141345409185502,9.57625854418234,0.909314361103784,20.0773517718915,4.43108131787784,10.5805855343618,14498.3042924483
24.5390986573763,0.126945444760699,5.30935614792357,0.43271595757729,5.84674096599148,0.379395161336424,0.960083664314378,0.181792017353613,9.54707554674572,0.840700978064672,20.2125944632648,4.4257583084704,10.5066382165393,14132.4430508502
24.6407575097967,0.122839927066231,5.2671553688565,0.425923023153718,5.80065663812878,0.376535371069754,0.941238237767392,0.229043223472113,9.5085775838376,0.773977982714457,20.3489591964247,4.42177211164402,10.414354183378,13722.3060538994
24.7379815917163,0.118965863999656,5.21478105677006,0.417983257067263,5.74326662132604,0.372904212774282,0.920683460572363,0.282376081236995,9.46104074340173,0.710468357378721,20.4849945441108,4.41917999078126,10.3016466424103,13178.8871166815
24.8294485398738,0.115380691203623,5.15196954277101,0.408883325775541,5.67427935724456,0.368477261315829,0.898497866745523,0.340625721241006,9.4052235390001,0.651164558419255,20.6191210746772,4.41797645766385,10.1680696899637,12605.8477100439
24.9145138978,0.112096109495344,5.08140854904764,0.398898067906047,5.59664807136581,0.363445148428692,0.875262682071807,0.402821637886796,9.34189130697429,0.596420101591694,20.7504953357655,4.41810309626779,10.0190338489844,12056.1772274031
24.9932912158969,0.109091064441495,5.00869710400455,0.388582399495254,5.51652600296698,0.35820861816729,0.852032651524538,0.468668108359342,9.27131957910845,0.54598476277076,20.8793681202908,4.41949766017483,9.86570749376285,11672.9881198551
25.0669065218851,0.106322592884696,4.94349064495019,0.378878472857853,5.44452197074539,0.353456783633891,0.830520287522918,0.539416342707044,9.19238083314295,0.498918953043157,21.0079100702293,4.42217202105769,9.72727137650798,11635.7429574426
25.1361715935936,0.103755030676375,4.89328643843814,0.370521714861438,5.3888705642772,0.349721957331687,0.812013663669055,0.616731441610167,9.10318917074915,0.454415721818901,21.1384474405298,4.42624143168404,9.61859161080849,11749.257331473
25.2006535984193,0.101371139610896,4.85930882699656,0.363644101734613,5.35091368424591,0.34708880978943,0.796692924330762,0.701107577818876,9.00246479079437,0.412343178671682,21.2716734083921,4.4318477228518,9.54208193100384,11893.6009279076
25.2590264613237,0.0991620255629511,4.8374143624196,0.357863422675321,5.32609717420747,0.345262467763044,0.783816943568328,0.791505232387587,8.89014867795937,0.373052490409686,21.406620422628,4.4390693124126,9.48952329147525,11882.6836790771
25.3093693626481,0.0971202639495754,4.81699253746918,0.352192412521741,5.30276545020088,0.343494681040636,0.771556932045487,0.884601359046195,8.76861564951151,0.3373189580181,21.5401142283983,4.44777843998876,9.43991601927752,11510.9199498305
25.3505885203532,0.0952275583277141,4.78837449122779,0.345733162603189,5.27030111304708,0.341109303483984,0.758265437521909,0.976829046053266,8.64116678459425,0.305599605149462,21.6691094524703,4.45769986680073,9.37414546877813,11009.9078583458
25.3829249134402,0.0934560764817828,4.74929487847238,0.338276058828584,5.22622045409691,0.3379555394269,0.743559114965498,1.06651057588798,8.50971587958459,0.277680766757084,21.7927090288396,4.46861286946979,9.28774577159898,10513.2895036323
25.4071806309011,0.0917786369587127,4.70250739791129,0.330072974647837,5.1735516756724,0.334236089248923,0.727894938892345,1.15335638146001,8.37487669399084,0.253061338023263,21.9113649457417,4.48039508931353,9.18616365352993,10115.4395594054
25.4242714466458,0.0901726873049067,4.65395264246255,0.321657531246072,5.11881928629835,0.330375447858086,0.712247549771566,1.23828424842303,8.23575543346019,0.231114285133109,22.0266258289871,4.49307193290073,9.08111631168955,9908.03072398178
25.4348306183481,0.0886220291771287,4.60890883206983,0.31349956805998,5.0678154140559,0.326748433624279,0.697467002173024,1.32235622758132,8.09099454894749,0.211326511965828,22.1400585501176,4.50673738800751,8.98299513650743,9798.60350210335
25.4391881127122,0.0871158467160124,4.56957625737746,0.305797526044368,5.02295066880909,0.323511892074483,0.683888399740923,1.40583830789782,7.94006456093876,0.193414136150769,22.2523217065255,4.52142636690989,8.89611924886496,9724.32225935637
25.4375619073922,0.0856464532968339,4.53828263504673,0.298751863572671,4.98677311313051,0.320829977323231,0.671863392067417,1.48937367175835,7.781748355285,0.177090339622097,22.3644133352307,4.53725333766481,8.82504553079603,9812.3297212313
25.4298140425925,0.0842088461827378,4.5213882719074,0.292880722785513,4.96624644696028,0.319146311023374,0.662389314407447,1.57550367663689,7.61152963249601,0.161889228132873,22.4793039804279,4.55468936901004,8.78222187214179,10287.4532956104
25.4152112645652,0.0828010836279204,4.52537938632971,0.288689347065512,4.96846292411967,0.318911219908642,0.656470099597673,1.66679854871299,7.42390537325047,0.147468474525388,22.6000555243721,4.57435058951414,8.78030702495736,10952.9037063577
25.3928539075535,0.08142284660146,4.55252753404784,0.286320106524928,4.99589392491786,0.320281292510444,0.654419129187908,1.76375073300532,7.21599819964039,0.133808902038852,22.7276050255969,4.59661343771783,8.8236730604782,11661.0232281916
25.3620551672036,0.0800737404879786,4.60228760172214,0.285676104269774,5.04793000692384,0.323218074287809,0.656090985841842,1.86565670830417,6.98680681794826,0.121017567498313,22.8616139038211,4.62166635545549,8.91116585562962,12363.7378348084
25.3224929337754,0.0787524125145781,4.67269825903474,0.286539034417739,5.12241865470782,0.327586023839355,0.661107551032879,1.97140729170243,6.73633469030881,0.109205034975905,23.0012090431071,4.64958768919694,9.03885696686473,13048.9838389845
25.2742808384606,0.0774562148122854,4.76090747708112,0.288616278284281,5.21624003648988,0.333189191190934,0.668943151503409,2.07981566091573,6.46530472436636,0.0984474916220408,23.1452355533319,4.68037009841975,9.20107737563957,13724.3915185389
25.2180200587286,0.0761812527892966,4.86372652386683,0.291588956580398,5.32591251911515,0.33981003554202,0.679013631926925,2.18970866935296,6.17520271819405,0.0887830431436958,23.2922572384392,4.71391299079696,9.39150446558283,5170.41657196863
25.1545691811984,0.0749230456569115,4.98166244790548,0.295399323313754,5.45200526844175,0.347491026525478,0.691288274126852,2.30021249354593,5.8671771231317,0.0801884987736571,23.4410580656904,4.7501529660053,9.61100911498646,15368.3358616425
25.0825360166345,0.0736861845198848,5.14706857436103,0.302192595739625,5.62997151522685,0.358499972009832,0.710563258402788,2.4122820415161,5.53057271523747,0.0724415591185228,23.5956222060663,4.79045789153067,9.92241417444499,17061.2986651374
25.0026806919276,0.0725676004173512,5.38155163722776,0.313306213574569,5.88368945958381,0.37437484797087,0.740340995554422,2.51266668326057,5.16180231233611,0.0663752571004593,23.7559824049304,4.83540139872519,10.3679853745232,19017.4633253787
24.9188033865721,0.0729601515266462,5.689517433576,0.328957126906288,6.21852764764333,0.395491057934652,0.782581336854293,2.57047262781295,4.76164583402867,0.0665070460810085,23.9205701577292,4.88495160162683,10.957552030368,20977.4601484482
24.8381682579108,0.0830755308925997,6.04591796978386,0.34759477108014,6.6077399069788,0.420226474438296,0.837605466316761,2.54481524246738,4.33506549748486,0.0858744219170334,24.0856063643102,4.93850787261967,11.645732026628,22431.8372287126
24.7700297089177,0.126878852553443,6.38505177736002,0.365350752051055,6.97962587126864,0.444139799812274,0.905132711778255,2.4052205199159,3.89523460350729,0.147789556397743,24.2408599682603,4.99463758760408,12.3114036978323,22929.529597287
24.7210805635249,0.251305013080685,6.6444823308637,0.378867045856576,7.2654412498423,0.462919999844874,0.988700552042721,2.15085522919341,3.45615176105918,0.280604440903402,24.3717121931842,5.05213235814694,12.8413575659141,23088.2548312687
24.6941627214877,0.532526904486984,6.81254903107521,0.388151722896956,7.45201519831884,0.47564618046769,1.09594975175593,1.80825677100008,3.02621291678605,0.512197951718542,24.4634804915737,5.1106648508614,13.2187117197252,23126.8073093809
24.6899513384717,1.07281815611248,6.90228923430382,0.394668253023932,7.55335526421893,0.482981052388979,1.22663595540568,1.42089635105331,2.61321828178086,0.864489188508793,24.5024931747458,5.16990597801482,13.467447366527,23011.5254603098
24.7074832155439,1.98268330046939,6.92938703418257,0.399718805810468,7.5862259730836,0.485720448878076,1.3643232734562,1.03840502907263,2.22526781910069,1.34790901546278,24.4788158261146,5.22919242825412,13.6063062450607,22696.7214550026
24.7444306879251,3.34967452061326,6.90901435665552,0.404172232136066,7.56660789922209,0.484708321878598,1.4850662603286,0.702461607167691,1.86881500673695,1.9601676737947,24.3882667098239,5.28772592251409,13.6481513003493,22272.5535826512
24.7976645582467,5.21314865357828,6.85612655927816,0.408613913033582,7.51020925018063,0.480914687751742,1.57038512454775,0.437258208937757,1.54778759050881,2.68934645658416,24.2320356191457,5.34478478506861,13.608617408197,21782.0812240147
24.8634587694496,7.54789916609936,6.77854641503359,0.412980640070917,7.4251367060833,0.474947783959951,1.61165273519026,0.249191550607925,1.26519187297669,3.51386839042341,24.016235463643,5.39954531014078,13.4962213003389,21105.4228641119
24.9374299397251,10.2571772628783,6.67392069487849,0.416300815355183,7.30877647873541,0.466805059058082,1.60997441860818,0.130054149575779,1.02357612758917,4.40134333705171,23.7522708978063,5.45099401465559,13.3067694983055,20140.9894596987
